PLAYER,TEAM,AGE,GP,MIN,W,L,PTS,FGM,FGA,3PM,3PA,FTM,FTA,OREB,DREB,AST,TOV,STL,BLK,SALARY
Aaron Brooks,MIN,33,32,5.9,19,13,2.3,0.9,2.2,0.3,1.0,0.3,0.3,0.2,0.3,0.6,0.3,0.2,0.0,2116955.0
Aaron Gordon,ORL,22,58,32.9,19,39,17.6,6.5,14.9,2.0,5.9,2.7,3.9,1.5,6.4,2.3,1.8,1.0,0.8,5504420.0
Abdel Nader,BOS,24,48,10.9,33,15,3.0,1.0,3.1,0.5,1.4,0.5,0.8,0.3,1.2,0.5,0.7,0.3,0.2,1167333.0
Al Horford,BOS,32,72,31.6,47,25,12.9,5.1,10.5,1.3,3.1,1.3,1.7,1.4,5.9,4.7,1.8,0.6,1.1,27734405.0
Al Jefferson,IND,33,36,13.4,17,19,7.0,3.1,5.8,0.0,0.1,0.8,1.0,0.8,3.1,0.8,0.6,0.4,0.6,9769821.0
Al-Farouq Aminu,POR,27,69,30.0,40,29,9.3,3.3,8.4,1.8,4.9,0.9,1.2,1.4,6.2,1.2,1.1,1.1,0.6,7319035.0
Alec Burks,UTA,26,64,16.5,37,27,7.7,2.7,6.5,0.7,2.2,1.7,1.9,0.3,2.7,1.0,0.9,0.6,0.1,10845506.0
Alex Abrines,OKC,24,75,15.1,42,33,4.7,1.5,3.9,1.1,2.9,0.5,0.6,0.3,1.2,0.4,0.3,0.5,0.1,5725000.0
Alex Poythress,IND,24,25,4.2,10,15,1.0,0.4,1.0,0.2,0.4,0.0,0.0,0.3,0.4,0.1,0.1,0.1,0.0,778668.0
Alfonzo McKinnie,TOR,25,14,3.8,13,1,1.5,0.6,1.1,0.2,0.6,0.1,0.2,0.1,0.4,0.1,0.2,0.1,0.1,815615.0
Amir Johnson,PHI,31,74,15.8,47,27,4.6,1.9,3.5,0.1,0.4,0.7,1.1,1.7,2.8,1.6,0.7,0.6,0.6,11000000.0
Andre Drummond,DET,24,78,33.7,37,41,15.0,6.0,11.3,0.0,0.1,3.1,5.1,5.1,10.9,3.0,2.6,1.5,1.6,23775506.0
Andre Iguodala,GSW,34,64,25.4,46,18,6.0,2.3,5.0,0.5,1.8,0.9,1.4,0.8,3.1,3.3,1.0,0.8,0.6,14814815.0
Andre Roberson,OKC,26,39,26.6,24,15,5.0,2.2,4.2,0.2,0.9,0.3,1.0,1.9,2.8,1.2,0.8,1.2,0.9,9259259.0
Andrew Bogut,LAL,33,24,9.0,7,17,1.5,0.7,1.0,0.0,0.0,0.1,0.1,1.1,2.2,0.6,0.8,0.2,0.5,2328652.0
Andrew Harrison,MEM,23,56,23.7,17,39,9.5,3.2,7.7,0.8,2.5,2.2,2.8,0.4,1.9,3.2,1.4,0.7,0.5,1312611.0
Andrew Wiggins,MIN,23,82,36.3,47,35,17.7,6.9,15.9,1.4,4.1,2.5,3.8,1.0,3.4,2.0,1.7,1.1,0.6,7574322.0
Ante Zizic,CLE,21,32,6.7,21,11,3.7,1.5,2.1,0.0,0.0,0.7,0.9,0.8,1.1,0.2,0.3,0.1,0.4,1645200.0
Anthony Davis,NOP,25,75,36.4,45,30,28.1,10.4,19.5,0.7,2.2,6.6,8.0,2.5,8.6,2.3,2.2,1.5,2.6,23775506.0
Antonius Cleveland,ATL,24,17,7.2,7,10,1.4,0.5,1.2,0.2,0.2,0.2,0.4,0.2,0.6,0.1,0.4,0.4,0.3,92160.0
Aron Baynes,BOS,31,81,18.3,54,27,6.0,2.6,5.5,0.0,0.3,0.7,1.0,1.6,3.8,1.1,1.0,0.3,0.6,4328000.0
Arron Afflalo,ORL,32,53,12.9,16,37,3.4,1.2,3.1,0.5,1.3,0.4,0.5,0.1,1.2,0.6,0.4,0.1,0.2,2328652.0
Austin Rivers,LAC,25,61,33.7,30,31,15.1,5.6,13.2,2.2,5.9,1.7,2.6,0.4,1.9,4.0,1.8,1.2,0.3,11825000.0
Avery Bradley,LAC,27,46,31.2,22,24,14.3,5.6,13.6,1.6,4.4,1.4,1.8,0.5,2.0,2.0,2.2,1.1,0.2,8808989.0
Bam Adebayo,MIA,20,69,19.8,34,35,6.9,2.5,4.9,0.0,0.1,1.9,2.6,1.7,3.8,1.5,1.0,0.5,0.6,2490360.0
Ben McLemore,MEM,25,56,19.5,7,49,7.5,2.8,6.7,1.0,2.8,0.9,1.1,0.6,1.9,0.9,1.1,0.7,0.3,5200000.0
Ben Simmons,PHI,21,81,33.7,51,30,15.8,6.7,12.3,0.0,0.1,2.4,4.2,1.8,6.3,8.2,3.4,1.7,0.9,6168840.0
Bismack Biyombo,ORL,25,82,18.2,25,57,5.7,2.2,4.3,0.0,0.0,1.2,1.9,1.8,4.0,0.8,1.0,0.3,1.2,17000000.0
Blake Griffin,DET,29,58,34.0,28,30,21.4,7.5,17.2,1.9,5.6,4.5,5.7,1.3,6.1,5.8,2.8,0.7,0.3,29512900.0
Boban Marjanovic,LAC,29,39,8.7,18,21,6.0,2.0,3.8,0.0,0.0,2.0,2.5,1.2,2.5,0.6,0.9,0.3,0.3,7000000.0
Bobby Brown,HOU,33,20,5.7,17,3,2.5,1.0,2.9,0.6,2.0,0.1,0.1,0.0,0.4,0.6,0.5,0.2,0.0,1524305.0
Bobby Portis,CHI,23,73,22.5,25,48,13.2,5.2,11.1,1.1,3.1,1.6,2.1,2.2,4.6,1.7,1.4,0.7,0.3,1516320.0
Bogdan Bogdanovic,SAC,25,78,27.9,26,52,11.8,4.4,9.9,1.7,4.2,1.3,1.5,0.4,2.5,3.3,1.6,0.9,0.2,9470614.0
Bojan Bogdanovic,IND,29,80,30.8,47,33,14.3,5.1,10.7,1.9,4.8,2.2,2.6,0.4,3.0,1.5,1.3,0.7,0.1,10500000.0
Bradley Beal,WAS,25,82,36.3,43,39,22.6,8.3,18.1,2.4,6.5,3.6,4.5,0.7,3.7,4.5,2.6,1.2,0.4,23775506.0
Brandon Ingram,LAL,20,59,33.5,27,32,16.1,6.1,12.9,0.7,1.8,3.3,4.8,1.0,4.4,3.9,2.5,0.8,0.7,5519400.0
Brandon Jennings,MIL,28,14,14.7,8,6,5.2,1.9,5.1,0.6,2.4,0.7,0.7,0.4,1.9,3.1,1.3,0.4,0.3,119010.0
Brandon Paul,SAS,27,64,9.0,38,26,2.3,0.9,2.0,0.2,0.8,0.3,0.7,0.1,1.0,0.6,0.5,0.4,0.1,815615.0
Briante Weber,MEM,25,18,13.1,8,10,2.8,1.1,2.4,0.2,0.6,0.4,0.6,0.4,1.5,1.2,0.8,1.0,0.3,83129.0
Brice Johnson,MEM,24,18,5.4,2,16,2.4,1.1,2.3,0.0,0.1,0.2,0.3,0.5,1.2,0.1,0.3,0.5,0.3,1331160.0
Brook Lopez,LAL,30,74,23.4,34,40,13.0,5.0,10.7,1.5,4.4,1.5,2.1,1.0,3.0,1.7,1.3,0.4,1.3,22642350.0
Bruno Caboclo,SAC,22,12,8.9,4,8,2.2,0.8,2.6,0.3,1.4,0.4,0.5,0.6,1.3,0.3,0.3,0.3,0.3,2451225.0
Bryn Forbes,SAS,24,80,19.0,46,34,6.9,2.6,6.2,1.1,2.9,0.6,0.9,0.2,1.2,1.0,0.5,0.4,0.0,1312611.0
Buddy Hield,SAC,25,80,25.3,27,53,13.5,5.2,11.7,2.2,5.1,0.9,1.0,0.7,3.2,1.9,1.6,1.1,0.3,3675480.0
Caleb Swanigan,POR,21,27,7.0,16,11,2.3,0.9,2.2,0.0,0.3,0.4,0.7,0.6,1.4,0.5,0.7,0.2,0.1,1465920.0
Cameron Payne,CHI,23,25,23.3,7,18,8.8,3.5,8.6,1.4,3.6,0.5,0.6,0.7,2.0,4.5,1.4,1.0,0.4,2203440.0
Carmelo Anthony,OKC,34,78,32.1,46,32,16.2,6.1,15.0,2.2,6.1,1.9,2.5,0.9,4.9,1.3,1.3,0.6,0.6,26243760.0
Cedi Osman,CLE,23,61,11.0,35,26,3.9,1.5,3.0,0.5,1.4,0.4,0.8,0.3,1.7,0.7,0.5,0.4,0.0,2642857.0
Chandler Parsons,MEM,29,36,19.2,12,24,7.9,3.0,6.5,1.4,3.4,0.5,0.8,0.4,2.1,1.9,1.0,0.5,0.3,23112004.0
Channing Frye,LAL,35,53,13.1,28,25,5.0,2.0,4.0,0.7,2.2,0.3,0.4,0.2,2.3,0.7,0.4,0.3,0.2,7420912.0
Cheick Diallo,NOP,21,52,11.2,29,23,4.9,2.0,3.4,0.0,0.0,1.0,1.3,0.9,3.2,0.4,0.5,0.2,0.4,1312611.0
Chinanu Onuaku,HOU,21,1,21.6,0,1,4.0,2.0,5.0,0.0,0.0,0.0,0.0,1.0,3.0,1.0,3.0,0.0,0.0,1312611.0
Chris McCullough,WAS,23,19,4.7,11,8,2.4,0.9,2.2,0.1,0.4,0.5,0.7,0.4,0.9,0.2,0.1,0.0,0.3,1471382.0
Chris Paul,HOU,33,58,31.8,50,8,18.6,6.3,13.8,2.5,6.5,3.5,3.8,0.6,4.8,7.9,2.2,1.7,0.2,24599495.0
Clint Capela,HOU,24,74,27.5,62,12,13.9,6.0,9.1,0.0,0.0,1.9,3.5,3.3,7.6,0.9,1.4,0.8,1.9,2334520.0
Cole Aldrich,MIN,29,21,2.3,14,7,0.6,0.2,0.7,0.0,0.0,0.1,0.3,0.1,0.6,0.1,0.0,0.1,0.0,7300000.0
Cory Joseph,IND,26,82,27.0,48,34,7.9,3.1,7.4,0.8,2.3,0.9,1.1,0.5,2.7,3.2,1.1,1.0,0.2,7630000.0
Courtney Lee,NYK,32,76,30.4,27,49,12.0,4.5,9.9,1.5,3.7,1.5,1.6,0.4,2.6,2.4,1.1,1.1,0.2,11747890.0
Cristiano Felicio,CHI,25,55,17.8,13,42,5.6,2.3,3.9,0.0,0.0,1.0,1.5,1.5,2.7,1.0,1.0,0.3,0.2,7843500.0
D.J. Augustin,ORL,30,75,23.5,23,52,10.2,3.3,7.2,1.5,3.6,2.2,2.5,0.4,1.7,3.8,1.6,0.7,0.0,7250000.0
D.J. Wilson,MIL,22,22,3.2,12,10,1.0,0.4,0.7,0.1,0.2,0.0,0.1,0.1,0.4,0.1,0.2,0.1,0.0,2135040.0
Dakari Johnson,OKC,22,31,5.2,21,10,1.8,0.7,1.3,0.0,0.0,0.4,0.6,0.5,0.6,0.3,0.1,0.2,0.3,815615.0
Damian Jones,GSW,23,15,5.9,7,8,1.7,0.7,1.5,0.0,0.0,0.2,0.3,0.3,0.6,0.1,0.3,0.1,0.2,1312611.0
Damian Lillard,POR,27,73,36.6,44,29,26.9,8.5,19.4,3.1,8.6,6.8,7.4,0.8,3.6,6.6,2.8,1.1,0.4,26153057.0
Damien Wilkins,IND,38,19,8.0,10,9,1.7,0.7,2.1,0.2,0.9,0.2,0.2,0.3,0.6,0.5,0.3,0.1,0.1,2116955.0
Damyean Dotson,NYK,24,44,10.8,11,33,4.1,1.6,3.7,0.5,1.5,0.4,0.5,0.2,1.7,0.7,0.4,0.3,0.0,1100000.0
Daniel Theis,BOS,26,63,14.9,44,19,5.3,2.0,3.7,0.3,0.9,1.0,1.3,1.4,2.9,0.9,0.9,0.5,0.8,815615.0
Danilo Gallinari,LAC,29,21,32.0,11,10,15.3,4.9,12.2,1.7,5.3,3.9,4.1,0.4,4.4,2.0,1.2,0.6,0.5,20559599.0
Danny Green,SAS,31,70,25.6,40,30,8.6,3.1,8.0,1.7,4.6,0.7,0.9,0.6,3.0,1.6,1.1,0.9,1.1,10000000.0
Dante Exum,UTA,22,14,16.8,10,4,8.1,3.0,6.2,0.4,1.3,1.8,2.2,0.3,1.6,3.1,1.4,0.6,0.2,4992385.0
Dario Saric,PHI,24,78,29.6,49,29,14.6,5.2,11.4,2.0,5.1,2.3,2.7,2.0,4.7,2.6,1.9,0.7,0.3,2422560.0
Darius Miller,NOP,28,82,23.7,48,34,7.8,2.6,5.9,1.8,4.4,0.7,0.8,0.2,1.8,1.4,0.7,0.3,0.2,2100000.0
Darrell Arthur,DEN,30,19,7.4,12,7,2.8,1.2,2.5,0.4,1.2,0.1,0.2,0.2,0.6,0.5,0.8,0.4,0.2,7464912.0
Darren Collison,IND,30,69,29.3,39,30,12.4,4.6,9.2,1.4,3.0,1.8,2.1,0.5,2.0,5.3,1.2,1.3,0.2,10000000.0
David Nwaba,CHI,25,70,23.5,26,44,7.9,2.9,6.0,0.3,0.7,1.9,2.9,1.3,3.4,1.5,1.1,0.8,0.4,1312611.0
David West,GSW,37,73,13.7,52,21,6.8,3.0,5.2,0.0,0.1,0.8,1.1,0.9,2.4,1.9,1.1,0.6,1.0,2328652.0
Davis Bertans,SAS,25,77,14.1,43,34,5.9,2.1,4.8,1.2,3.3,0.5,0.6,0.2,1.8,1.0,0.5,0.3,0.4,1312611.0
De'Aaron Fox,SAC,20,73,27.7,24,49,11.6,4.5,10.9,0.6,2.1,1.9,2.7,0.5,2.3,4.4,2.4,1.0,0.3,4609200.0
DeAndre Jordan,LAC,29,77,31.5,39,38,12.0,4.8,7.5,0.0,0.0,2.4,4.1,4.3,10.9,1.5,1.8,0.5,0.9,22642350.0
DeAndre Liggins,NOP,30,58,12.5,34,24,1.7,0.7,1.8,0.3,0.9,0.0,0.1,0.1,1.2,0.8,0.3,0.6,0.2,172238.0
DeAndre' Bembry,ATL,23,26,17.5,8,18,5.2,2.0,4.9,0.4,1.2,0.7,1.3,0.3,2.5,1.9,1.8,0.8,0.5,1567200.0
DeMar DeRozan,TOR,28,80,33.9,57,23,23.0,8.1,17.7,1.1,3.6,5.8,7.0,0.7,3.2,5.2,2.2,1.1,0.3,27739975.0
DeMarcus Cousins,NOP,27,48,36.2,27,21,25.2,8.5,18.0,2.2,6.1,6.1,8.2,2.2,10.7,5.4,5.0,1.6,1.6,18063850.0
Dejounte Murray,SAS,21,81,21.5,47,34,8.1,3.3,7.5,0.1,0.4,1.3,1.8,1.4,4.3,2.9,1.7,1.2,0.4,1312611.0
Delon Wright,TOR,26,69,20.8,49,20,8.0,2.9,6.3,0.8,2.2,1.4,1.7,0.7,2.2,2.9,1.1,1.0,0.5,1645200.0
Dennis Schroder,ATL,24,67,31.0,21,46,19.4,7.5,17.1,1.1,3.9,3.4,4.0,0.7,2.4,6.2,2.7,1.1,0.1,15500000.0
Denzel Valentine,CHI,24,77,27.2,26,51,10.2,3.9,9.4,1.9,4.8,0.5,0.7,0.6,4.5,3.2,1.3,0.8,0.1,2186400.0
Derrick Favors,UTA,26,77,28.0,46,31,12.3,5.1,9.1,0.2,0.8,1.8,2.8,2.6,4.6,1.3,1.1,0.7,1.1,12000000.0
Derrick White,SAS,23,17,8.2,7,10,3.2,0.9,1.9,0.5,0.8,0.8,1.2,0.3,1.2,0.5,0.4,0.2,0.2,1404600.0
Derrick Williams,LAL,27,2,4.3,1,1,1.0,0.5,2.0,0.0,1.0,0.0,0.0,0.0,0.5,0.0,0.0,0.0,0.0,104059.0
Devin Harris,DEN,35,71,18.9,33,38,8.4,2.6,6.4,1.1,3.2,2.0,2.4,0.2,1.6,2.1,1.1,0.7,0.2,4402546.0
Dewayne Dedmon,ATL,28,62,24.9,18,44,10.0,4.0,7.7,0.8,2.3,1.1,1.4,1.6,6.3,1.5,1.4,0.6,0.8,6000000.0
Deyonta Davis,MEM,21,62,15.2,16,46,5.8,2.6,4.3,0.0,0.0,0.6,0.9,1.2,2.8,0.6,0.5,0.2,0.6,1312611.0
Dillon Brooks,MEM,22,82,28.7,22,60,11.0,4.1,9.4,1.1,3.2,1.5,2.0,0.6,2.5,1.6,1.5,0.9,0.2,815615.0
Dion Waiters,MIA,26,30,30.6,16,14,14.3,5.4,13.7,1.7,5.7,1.7,2.3,0.3,2.3,3.8,2.3,0.8,0.3,11000000.0
Dirk Nowitzki,DAL,40,77,24.7,24,53,12.0,4.5,9.8,1.8,4.4,1.3,1.4,0.3,5.4,1.6,0.7,0.6,0.6,5000000.0
Domantas Sabonis,IND,22,74,24.5,45,29,11.6,4.6,8.9,0.2,0.5,2.3,3.0,2.2,5.5,2.0,1.9,0.5,0.4,2550000.0
Donovan Mitchell,UTA,21,79,33.4,46,33,20.5,7.5,17.2,2.4,7.0,3.0,3.8,0.7,3.1,3.7,2.7,1.5,0.3,2621280.0
Dorian Finney-Smith,DAL,25,21,21.3,4,17,5.9,2.2,5.8,1.0,3.2,0.5,0.7,1.0,2.5,1.2,1.0,0.5,0.2,1312611.0
Doug McDermott,DAL,26,81,21.8,30,51,7.8,2.9,6.3,1.1,2.7,0.8,1.0,0.5,2.0,1.0,0.7,0.2,0.2,3294994.0
Draymond Green,GSW,28,70,32.7,48,22,11.0,4.0,8.8,1.1,3.7,1.9,2.5,1.1,6.6,7.3,2.9,1.4,1.3,16400000.0
Dwight Buycks,DET,29,29,14.7,10,19,7.4,2.8,6.8,0.5,1.6,1.2,1.4,0.4,1.0,2.0,1.3,0.7,0.1,748160.0
Dwight Powell,DAL,26,79,21.2,23,56,8.5,3.2,5.4,0.4,1.1,1.7,2.3,1.7,3.9,1.2,0.7,0.8,0.4,9003125.0
Dwyane Wade,MIA,36,67,22.9,37,30,11.4,4.5,10.2,0.5,1.7,2.0,2.8,0.7,3.0,3.4,2.1,0.9,0.7,2328652.0
E'Twaun Moore,NOP,29,82,31.5,48,34,12.5,5.2,10.1,1.6,3.7,0.6,0.8,0.7,2.2,2.3,1.2,1.0,0.1,8445024.0
Ed Davis,POR,29,78,18.9,48,30,5.3,2.2,3.7,0.0,0.0,0.9,1.4,2.3,5.0,0.5,0.8,0.4,0.7,6352531.0
Ekpe Udoh,UTA,31,63,12.9,36,27,2.6,1.0,1.9,0.0,0.0,0.7,0.9,1.1,1.3,0.8,0.3,0.7,1.2,3200000.0
Emeka Okafor,NOP,35,26,13.6,16,10,4.4,1.8,3.7,0.0,0.0,0.7,0.8,1.8,2.8,0.3,0.5,0.3,1.0,239204.0
Emmanuel Mudiay,NYK,22,64,19.4,29,35,8.6,3.2,8.2,0.7,2.3,1.5,2.0,0.4,2.0,3.2,1.8,0.6,0.2,3381480.0
Enes Kanter,NYK,26,71,25.8,27,44,14.1,5.9,10.0,0.0,0.0,2.2,2.6,3.8,7.1,1.5,1.7,0.5,0.5,20566802.0
Eric Bledsoe,MIL,28,74,31.4,40,34,17.7,6.3,13.4,1.7,4.9,3.4,4.3,0.7,3.1,5.0,2.9,2.0,0.6,14500000.0
Eric Gordon,HOU,29,69,31.2,55,14,18.0,6.0,14.1,3.2,8.8,2.8,3.5,0.4,2.1,2.2,1.9,0.6,0.4,12943020.0
Eric Moreland,DET,26,67,12.0,32,35,2.1,1.0,1.8,0.0,0.0,0.2,0.4,1.2,2.9,1.2,0.6,0.5,0.8,1739333.0
Ersan Ilyasova,PHI,31,69,25.1,36,33,10.9,4.0,8.9,1.3,3.7,1.5,2.0,1.7,4.2,1.3,1.0,0.9,0.4,502328.0
Evan Fournier,ORL,25,57,32.2,20,37,17.8,6.5,14.1,2.2,5.9,2.6,3.0,0.4,2.8,2.9,1.7,0.8,0.3,17000000.0
Evan Turner,POR,29,79,25.7,48,31,8.2,3.3,7.3,0.5,1.7,1.2,1.4,0.4,2.7,2.2,1.3,0.6,0.4,17131148.0
Frank Mason,SAC,24,52,18.9,17,35,7.9,2.8,7.3,0.6,1.7,1.8,2.2,0.6,1.9,2.8,1.3,0.7,0.2,1184385.0
Frank Ntilikina,NYK,19,78,21.9,28,50,5.9,2.3,6.4,0.6,2.0,0.6,0.9,0.5,1.8,3.2,1.7,0.8,0.2,3501120.0
Fred VanVleet,TOR,24,76,20.0,55,21,8.6,3.1,7.2,1.4,3.4,1.1,1.3,0.3,2.1,3.2,1.0,0.9,0.3,1312611.0
Furkan Korkmaz,PHI,20,14,5.7,11,3,1.6,0.6,2.0,0.4,1.2,0.1,0.3,0.1,0.6,0.3,0.1,0.1,0.1,1465920.0
Garrett Temple,SAC,32,65,24.8,23,42,8.4,3.1,7.3,1.4,3.5,0.9,1.2,0.3,2.0,1.9,1.2,0.9,0.4,8000000.0
Gary Harris,DEN,23,67,34.4,37,30,17.5,6.6,13.6,2.3,5.9,2.0,2.4,0.6,2.1,2.9,1.8,1.8,0.2,2550055.0
George Hill,CLE,32,67,27.0,28,39,10.0,3.5,7.7,1.3,3.1,1.6,2.1,0.6,2.1,2.8,1.3,0.9,0.4,20000000.0
Georgios Papagiannis,POR,20,17,7.2,3,14,2.1,1.1,2.5,0.0,0.0,0.0,0.0,0.8,1.4,0.5,0.5,0.2,0.4,74159.0
Gerald Green,HOU,32,41,22.7,33,8,12.1,4.1,10.1,2.7,7.3,1.2,1.5,0.4,2.9,0.6,0.8,0.6,0.4,947248.0
Gian Clavell,DAL,24,7,9.1,0,7,2.9,0.9,2.6,0.9,2.1,0.3,0.3,0.1,0.9,0.4,0.3,0.3,0.0,50000.0
Giannis Antetokounmpo,MIL,23,75,36.7,39,36,26.9,9.9,18.7,0.6,1.9,6.5,8.5,2.1,8.0,4.8,3.0,1.5,1.4,22471910.0
Goran Dragic,MIA,32,75,31.7,39,36,17.3,6.5,14.3,1.5,4.0,2.9,3.6,0.7,3.4,4.8,2.2,0.8,0.2,17000450.0
Gordon Hayward,BOS,28,1,5.3,0,1,2.0,1.0,2.0,0.0,1.0,0.0,0.0,0.0,1.0,0.0,0.0,0.0,0.0,29727900.0
Gorgui Dieng,MIN,28,79,16.9,45,34,5.9,2.4,4.9,0.2,0.8,1.0,1.3,1.3,3.2,0.9,0.7,0.6,0.5,14112360.0
Guerschon Yabusele,BOS,22,33,7.1,24,9,2.4,0.8,1.8,0.4,1.1,0.5,0.7,0.5,1.1,0.5,0.4,0.1,0.2,2247480.0
Harrison Barnes,DAL,26,77,34.2,24,53,18.9,7.0,15.7,1.5,4.3,3.4,4.1,1.0,5.1,2.0,1.5,0.6,0.2,23112004.0
Hassan Whiteside,MIA,29,54,25.3,30,24,14.0,5.8,10.7,0.0,0.0,2.4,3.4,3.2,8.2,1.0,1.7,0.7,1.7,23775506.0
Henry Ellenson,DET,21,38,8.7,21,17,4.0,1.4,3.8,0.5,1.6,0.7,0.8,0.3,1.9,0.5,0.5,0.1,0.0,1780800.0
Ian Clark,NOP,27,74,19.7,43,31,7.4,3.0,6.7,0.8,2.6,0.6,0.8,0.1,1.6,1.5,0.8,0.4,0.1,1577230.0
Ian Mahinmi,WAS,31,77,14.9,42,35,4.8,1.8,3.2,0.0,0.0,1.2,1.7,1.8,2.3,0.7,1.3,0.5,0.5,16661641.0
Ike Anigbogu,IND,19,11,2.7,5,6,1.2,0.4,0.8,0.0,0.0,0.5,0.5,0.5,0.4,0.0,0.2,0.1,0.3,950000.0
Iman Shumpert,SAC,28,14,19.7,9,5,4.4,1.6,4.1,0.5,1.9,0.8,1.1,0.5,2.4,1.2,1.1,0.6,0.3,10337079.0
Isaiah Taylor,ATL,23,67,17.4,18,49,6.6,2.4,5.8,0.3,1.2,1.5,2.1,0.3,1.1,3.1,1.3,0.5,0.1,1312611.0
Isaiah Thomas,LAL,29,32,26.9,15,17,15.2,4.9,13.2,1.7,5.9,3.7,4.1,0.5,1.6,4.8,3.0,0.5,0.1,6261395.0
Ish Smith,DET,29,82,24.9,39,43,10.9,4.7,9.8,0.4,1.2,1.0,1.4,0.3,2.4,4.4,1.3,0.8,0.2,6000000.0
Ivan Rabb,MEM,21,36,14.3,6,30,5.6,2.4,4.2,0.0,0.0,0.8,1.0,1.5,2.9,0.9,1.0,0.3,0.4,950000.0
Ivica Zubac,LAL,21,43,9.5,19,24,3.7,1.4,2.8,0.0,0.0,0.9,1.2,1.0,1.8,0.6,0.6,0.2,0.3,1312611.0
J.J. Barea,DAL,34,69,23.2,23,46,11.6,4.4,10.0,1.7,4.5,1.2,1.5,0.2,2.7,6.3,2.1,0.5,0.0,3903900.0
JaMychal Green,MEM,28,55,28.0,11,44,10.3,4.1,8.9,0.8,2.3,1.5,2.0,2.7,5.8,1.4,1.4,0.6,0.5,8533333.0
JaVale McGee,GSW,30,65,9.5,45,20,4.8,2.1,3.4,0.0,0.1,0.6,0.8,0.9,1.7,0.5,0.4,0.3,0.9,2116955.0
Jabari Parker,MIL,23,31,24.0,16,15,12.6,5.2,10.7,1.0,2.6,1.3,1.7,1.4,3.5,1.9,1.5,0.8,0.3,6782392.0
Jacob Pullen,PHI,28,3,2.0,2,1,0.7,0.3,0.7,0.0,0.3,0.0,0.0,0.0,0.0,0.0,0.3,0.0,0.0,50000.0
Jae Crowder,UTA,27,80,26.1,52,28,9.7,3.4,8.4,1.4,4.3,1.5,1.9,0.7,2.7,1.2,0.9,0.8,0.3,6796117.0
Jake Layman,POR,24,35,4.6,22,13,1.0,0.4,1.3,0.1,0.6,0.1,0.1,0.1,0.3,0.3,0.1,0.2,0.1,1312611.0
Jakob Poeltl,TOR,22,82,18.6,59,23,6.9,3.1,4.7,0.0,0.0,0.7,1.2,2.0,2.8,0.7,1.0,0.5,1.2,2825640.0
Jamal Crawford,MIN,38,80,20.7,45,35,10.3,3.9,9.3,1.3,3.9,1.3,1.4,0.3,1.0,2.3,1.2,0.5,0.1,4328000.0
Jamal Murray,DEN,21,81,31.7,46,35,16.7,5.9,13.1,2.0,5.4,2.8,3.1,1.0,2.7,3.4,2.1,1.0,0.3,3355320.0
Jameel Warney,DAL,24,3,9.0,1,2,5.7,2.3,4.0,0.0,0.0,1.0,1.7,1.3,1.7,0.0,0.3,0.0,0.0,46080.0
James Harden,HOU,28,72,35.4,59,13,30.4,9.0,20.1,3.7,10.0,8.7,10.1,0.6,4.8,8.8,4.4,1.8,0.7,28299399.0
James Johnson,MIA,31,73,26.6,37,36,10.8,4.2,8.4,0.8,2.5,1.5,2.2,0.8,4.1,3.8,1.9,1.0,0.7,13954000.0
James Michael McAdoo,PHI,25,3,6.0,1,2,2.7,0.7,2.3,0.7,2.3,0.7,0.7,0.0,0.7,0.0,0.3,0.0,0.3,50000.0
Jamil Wilson,LAC,27,15,18.3,6,9,7.0,2.5,5.4,1.8,4.2,0.1,0.3,0.2,1.9,0.7,0.5,0.3,0.5,50000.0
Jarell Martin,MEM,24,73,22.7,21,52,7.7,3.0,6.8,0.5,1.3,1.2,1.6,1.3,3.0,1.0,1.2,0.5,0.7,1471382.0
Jarrett Jack,NYK,34,62,25.0,26,36,7.5,3.0,7.1,0.4,1.4,1.0,1.2,0.4,2.7,5.6,1.9,0.6,0.1,2328652.0
Jason Smith,WAS,32,33,8.6,15,18,3.4,1.4,3.5,0.1,1.0,0.6,0.6,0.5,1.1,0.4,0.5,0.1,0.4,5225000.0
Jason Terry,MIL,40,51,16.0,27,24,3.3,1.2,3.0,0.8,2.3,0.2,0.2,0.1,0.8,1.2,0.5,0.8,0.3,2328652.0
Jawun Evans,LAC,21,48,16.2,24,24,4.8,1.9,5.3,0.3,1.1,0.8,1.0,0.2,1.6,2.1,0.9,0.8,0.1,815615.0
Jaylen Brown,BOS,21,70,30.7,47,23,14.5,5.3,11.5,1.7,4.4,2.1,3.3,0.9,4.0,1.6,1.8,1.0,0.4,4956480.0
Jaylen Morris,ATL,22,6,16.4,2,4,4.7,2.2,5.3,0.3,1.7,0.0,0.0,0.3,2.3,1.2,1.0,0.3,0.2,92160.0
Jayson Tatum,BOS,20,80,30.5,53,27,13.9,5.0,10.4,1.3,3.0,2.7,3.2,0.6,4.4,1.6,1.4,1.0,0.7,5645400.0
Jeff Green,CLE,31,78,23.4,47,31,10.8,3.8,7.9,0.7,2.2,2.6,3.0,0.8,2.4,1.3,1.0,0.5,0.4,2116955.0
Jeff Teague,MIN,30,70,33.0,41,29,14.2,5.1,11.3,1.2,3.3,2.9,3.4,0.3,2.6,7.0,2.5,1.5,0.3,19000000.0
Jeff Withey,DAL,28,10,3.9,2,8,1.5,0.6,1.6,0.2,1.0,0.1,0.2,0.1,0.9,0.0,0.2,0.0,0.3,1577320.0
Jerami Grant,OKC,24,81,20.3,48,33,8.4,3.0,5.6,0.4,1.4,2.0,3.0,1.1,2.9,0.7,0.7,0.4,1.0,1524305.0
Jeremy Evans,ATL,30,1,5.4,0,1,2.0,1.0,1.0,0.0,0.0,0.0,0.0,1.0,0.0,0.0,1.0,0.0,0.0,50000.0
Jerian Grant,CHI,25,74,22.8,24,50,8.4,2.8,6.8,0.8,2.5,1.9,2.5,0.4,1.9,4.6,1.2,0.9,0.1,1713840.0
Jerryd Bayless,PHI,29,39,23.7,21,18,7.9,2.8,6.7,1.4,3.7,0.9,1.1,0.4,1.7,1.4,1.2,0.6,0.2,9000000.0
Jimmy Butler,MIN,28,59,36.7,37,22,22.2,7.4,15.6,1.2,3.4,6.2,7.2,1.3,4.0,4.9,1.8,2.0,0.4,19301070.0
Joakim Noah,NYK,33,7,5.7,1,6,1.7,0.7,1.4,0.0,0.0,0.3,0.6,0.9,1.1,0.6,0.6,0.3,0.3,17765000.0
Jodie Meeks,WAS,30,77,14.5,41,36,6.3,2.0,5.1,0.9,2.7,1.3,1.5,0.2,1.4,0.9,0.5,0.4,0.1,3290000.0
Joe Ingles,UTA,30,82,31.4,48,34,11.5,4.1,8.8,2.5,5.7,0.8,1.0,0.3,3.9,4.8,1.9,1.1,0.2,14136364.0
Joe Young,IND,26,53,10.5,28,25,3.9,1.5,3.5,0.5,1.2,0.4,0.5,0.2,1.0,0.7,0.5,0.3,0.0,1471382.0
Joel Bolomboy,MIL,24,6,6.3,3,3,1.5,0.5,1.0,0.0,0.2,0.5,1.0,1.0,0.7,0.0,0.3,0.3,0.0,22248.0
Joel Embiid,PHI,24,63,30.4,41,22,22.9,8.1,16.8,1.0,3.4,5.7,7.4,2.3,8.7,3.2,3.7,0.6,1.8,6100266.0
Joffrey Lauvergne,SAS,26,55,9.7,30,25,4.1,1.8,3.5,0.0,0.1,0.5,0.9,1.1,2.0,0.7,0.6,0.2,0.1,1524305.0
John Collins,ATL,20,74,24.1,21,53,10.5,4.2,7.4,0.2,0.6,1.8,2.5,2.4,4.9,1.3,1.4,0.6,1.1,1936920.0
John Henson,MIL,27,76,25.9,39,37,8.8,3.8,6.6,0.0,0.1,1.2,2.1,2.0,4.8,1.5,1.1,0.6,1.4,11422536.0
John Wall,WAS,27,41,34.4,23,18,19.4,6.8,16.3,1.5,4.1,4.3,5.9,0.5,3.1,9.6,3.9,1.4,1.1,18063850.0
Jon Leuer,DET,29,8,17.1,5,3,5.4,1.9,4.5,0.0,0.4,1.6,1.9,0.9,3.1,0.6,0.9,0.1,0.4,10497319.0
Jonas Jerebko,UTA,31,74,15.3,45,29,5.8,2.1,4.6,0.9,2.1,0.6,0.8,0.7,2.6,0.6,0.4,0.3,0.2,4000000.0
Jonas Valanciunas,TOR,26,77,22.4,56,21,12.7,5.1,8.9,0.4,1.0,2.2,2.7,2.4,6.2,1.1,1.5,0.4,0.9,15460675.0
Jonathan Isaac,ORL,20,27,19.8,11,16,5.4,2.0,5.4,0.6,1.7,0.7,0.9,0.6,3.1,0.7,1.0,1.2,1.1,4186320.0
Jonathon Simmons,ORL,28,69,29.4,21,48,13.9,5.1,11.0,1.0,3.0,2.7,3.5,0.9,2.6,2.5,2.1,0.8,0.2,6300000.0
Jordan Bell,GSW,23,57,14.2,43,14,4.6,2.0,3.2,0.0,0.1,0.5,0.8,1.1,2.6,1.8,0.9,0.6,1.0,815615.0
Jordan Clarkson,CLE,26,81,23.3,40,41,13.9,5.3,11.8,1.4,3.9,1.9,2.3,0.7,2.0,2.7,1.6,0.7,0.1,11562500.0
Jordan Crawford,NOP,29,5,10.7,3,2,6.6,2.4,5.4,1.6,2.8,0.2,0.2,0.4,0.4,2.6,1.0,0.2,0.2,250000.0
Jordan Mickey,MIA,23,23,12.4,15,8,4.0,1.7,3.6,0.1,0.7,0.6,0.8,0.8,2.7,0.4,0.8,0.3,0.4,1471382.0
Jose Calderon,CLE,36,57,16.0,33,24,4.5,1.6,3.2,0.8,1.7,0.4,0.5,0.2,1.2,2.1,0.7,0.5,0.0,2328652.0
Josh Hart,LAL,23,63,23.2,27,36,7.9,2.8,6.0,1.2,3.1,1.0,1.5,0.7,3.5,1.3,0.7,0.7,0.3,1394520.0
Josh Huestis,OKC,26,69,14.2,43,26,2.3,0.9,2.6,0.5,1.7,0.1,0.3,0.6,1.7,0.3,0.4,0.2,0.6,1471382.0
Josh McRoberts,DAL,31,2,2.9,2,0,0.0,0.0,0.5,0.0,0.5,0.0,0.0,0.0,0.0,0.0,0.0,0.0,0.0,6021175.0
Josh Richardson,MIA,24,81,33.2,44,37,12.9,4.9,10.9,1.6,4.1,1.5,1.8,0.9,2.7,2.9,1.7,1.5,0.9,1471382.0
Josh Smith,NOP,32,3,3.9,2,1,0.7,0.3,1.3,0.0,0.0,0.0,0.0,1.0,0.3,0.0,0.0,0.0,0.0,2183934.0
Jrue Holiday,NOP,28,81,36.1,47,34,19.0,7.6,15.4,1.5,4.4,2.3,2.9,0.8,3.7,6.0,2.6,1.5,0.8,25686667.0
Julius Randle,LAL,23,82,26.7,35,47,16.1,6.1,11.0,0.1,0.5,3.7,5.2,2.2,5.8,2.6,2.6,0.5,0.5,4149242.0
Justin Anderson,PHI,24,38,13.7,27,11,6.2,2.3,5.3,0.9,2.7,0.7,1.0,0.7,1.8,0.7,0.4,0.4,0.2,1579440.0
Justin Holiday,CHI,29,72,31.5,24,48,12.2,4.0,10.9,2.2,6.2,1.9,2.3,0.4,3.6,2.1,1.3,1.1,0.4,4615385.0
Justin Jackson,SAC,23,68,22.2,21,47,6.7,2.7,6.2,0.8,2.7,0.4,0.5,0.4,2.4,1.1,0.6,0.4,0.2,2365560.0
Justin Patton,MIN,21,1,3.7,0,1,2.0,1.0,2.0,0.0,0.0,0.0,0.0,0.0,0.0,0.0,0.0,1.0,0.0,2247480.0
Justise Winslow,MIA,22,68,24.7,33,35,7.8,3.0,7.2,0.7,1.9,1.0,1.5,0.9,4.5,2.2,1.1,0.8,0.5,2705040.0
Jusuf Nurkic,POR,23,79,26.4,48,31,14.3,6.1,12.0,0.0,0.1,2.2,3.5,2.4,6.6,1.8,2.3,0.8,1.4,2947305.0
Karl-Anthony Towns,MIN,22,82,35.6,47,35,21.3,7.8,14.3,1.5,3.5,4.2,4.9,2.9,9.4,2.4,1.9,0.8,1.4,6216840.0
Kawhi Leonard,SAS,27,9,23.3,5,4,16.2,5.8,12.3,1.2,3.9,3.4,4.2,0.7,4.0,2.3,1.8,2.0,1.0,18868625.0
Kelly Olynyk,MIA,27,76,23.4,42,34,11.5,4.2,8.4,1.4,3.7,1.8,2.3,1.2,4.5,2.7,1.9,0.8,0.5,10607169.0
Kenneth Faried,DEN,28,32,14.4,16,16,5.9,2.4,4.6,0.0,0.0,1.1,1.6,2.1,2.7,0.6,0.7,0.4,0.4,12921348.0
Kent Bazemore,ATL,28,65,27.5,19,46,12.9,4.4,10.4,1.7,4.2,2.5,3.1,0.4,3.4,3.5,2.4,1.5,0.7,16910113.0
Kentavious Caldwell-Pope,LAL,25,74,33.2,31,43,13.4,4.6,10.8,2.1,5.6,2.1,2.6,0.8,4.4,2.2,1.3,1.4,0.2,17745894.0
Kevin Durant,GSW,29,68,34.2,49,19,26.4,9.3,18.0,2.5,6.1,5.3,5.9,0.5,6.4,5.4,3.0,0.7,1.8,25000000.0
Kevin Love,CLE,29,59,28.0,37,22,17.6,5.7,12.4,2.3,5.6,4.0,4.5,1.7,7.5,1.7,1.5,0.7,0.4,22642350.0
Kevon Looney,GSW,22,66,13.8,45,21,4.0,1.7,2.9,0.0,0.1,0.6,1.2,1.3,2.0,0.6,0.5,0.5,0.8,1471382.0
Khem Birch,ORL,25,42,13.8,14,28,4.2,1.6,3.0,0.0,0.0,1.0,1.5,1.7,2.6,0.8,0.5,0.4,0.5,815615.0
Khris Middleton,MIL,26,82,36.4,44,38,20.1,7.2,15.5,1.8,5.0,3.9,4.4,0.5,4.7,4.0,2.3,1.5,0.3,14100000.0
Klay Thompson,GSW,28,73,34.3,55,18,20.0,7.9,16.1,3.1,7.1,1.1,1.3,0.4,3.4,2.5,1.8,0.8,0.5,17826150.0
Kosta Koufos,SAC,29,71,19.6,22,49,6.7,3.1,5.5,0.0,0.0,0.5,1.0,2.1,4.5,1.2,0.7,0.7,0.5,8393000.0
Kris Dunn,CHI,24,52,29.3,19,33,13.4,5.5,12.8,0.8,2.6,1.6,2.2,0.5,3.8,6.0,2.9,2.0,0.5,4046760.0
Kristaps Porzingis,NYK,22,48,32.4,22,26,22.7,8.1,18.5,1.9,4.8,4.5,5.7,1.3,5.3,1.2,1.9,0.8,2.4,4503600.0
Kyle Anderson,SAS,24,74,26.7,41,33,7.9,3.1,5.9,0.3,0.8,1.4,2.0,1.1,4.2,2.7,1.3,1.6,0.8,2151704.0
Kyle Collinsworth,DAL,26,32,15.0,9,23,3.2,1.2,3.1,0.1,0.5,0.7,1.3,1.0,2.3,1.8,0.8,0.5,0.3,50000.0
Kyle Korver,CLE,37,73,21.6,43,30,9.2,3.0,6.6,2.2,5.2,0.9,1.0,0.1,2.1,1.2,0.8,0.4,0.4,7000000.0
Kyle Kuzma,LAL,22,77,31.2,34,43,16.1,6.1,13.5,2.1,5.6,1.9,2.7,1.1,5.1,1.8,1.8,0.6,0.4,1423560.0
Kyle Lowry,TOR,32,78,32.2,57,21,16.2,5.2,12.1,3.1,7.6,2.9,3.3,0.8,4.7,6.9,2.3,1.1,0.2,28703704.0
Kyle O'Quinn,NYK,28,77,18.0,28,49,7.1,2.9,5.0,0.1,0.2,1.3,1.6,1.6,4.5,2.1,1.3,0.5,1.3,4087500.0
Kyle Singler,OKC,30,12,4.9,5,7,1.9,0.6,1.8,0.2,0.4,0.6,1.1,0.1,0.8,0.2,0.3,0.1,0.0,4666500.0
Kyrie Irving,BOS,26,60,32.2,41,19,24.4,8.9,18.1,2.8,6.8,3.9,4.4,0.6,3.2,5.1,2.3,1.1,0.3,18868625.0
LaMarcus Aldridge,SAS,32,75,33.4,45,30,23.1,9.2,18.0,0.4,1.2,4.5,5.3,3.3,5.2,2.0,1.5,0.6,1.2,21461010.0
Lance Stephenson,IND,27,82,22.6,48,34,9.2,3.7,8.6,0.8,2.8,1.0,1.5,0.8,4.4,2.9,1.6,0.6,0.2,4180000.0
Lance Thomas,NYK,30,73,18.5,25,48,4.1,1.4,3.7,0.7,1.7,0.6,0.7,0.6,1.8,0.6,0.6,0.4,0.2,6655325.0
Langston Galloway,DET,26,58,14.9,28,30,6.2,2.2,5.9,1.3,3.8,0.6,0.7,0.2,1.4,1.0,0.3,0.6,0.1,6666667.0
Lauri Markkanen,CHI,21,68,29.7,23,45,15.2,5.5,12.7,2.1,5.9,2.1,2.4,1.2,6.3,1.2,1.2,0.6,0.6,3821640.0
LeBron James,CLE,33,82,36.9,50,32,27.5,10.5,19.3,1.8,5.0,4.7,6.5,1.2,7.5,9.1,4.2,1.4,0.9,33285709.0
Lonzo Ball,LAL,20,52,34.2,24,28,10.2,3.9,10.8,1.7,5.7,0.6,1.4,1.3,5.6,7.2,2.6,1.7,0.8,6286560.0
Lou Williams,LAC,31,79,32.8,42,37,22.6,7.4,16.9,2.4,6.6,5.5,6.2,0.5,2.0,5.3,3.0,1.1,0.2,7000000.0
Luc Mbah a Moute,HOU,31,61,25.6,52,9,7.5,2.7,5.7,1.0,2.8,1.1,1.6,0.4,2.7,0.9,1.1,1.2,0.4,2116955.0
Lucas Nogueira,TOR,25,49,8.5,36,13,2.5,1.0,1.6,0.1,0.4,0.4,0.6,0.4,1.4,0.4,0.3,0.5,0.9,2947305.0
Luis Montero,DET,25,2,4.0,1,1,0.0,0.0,0.5,0.0,0.0,0.0,0.0,0.0,1.0,0.0,1.0,0.0,0.0,50000.0
Luke Babbitt,MIA,29,50,14.3,15,35,5.2,1.8,4.3,1.2,3.1,0.3,0.4,0.1,1.8,0.6,0.4,0.2,0.1,1974159.0
Luke Kennard,DET,22,73,20.0,34,39,7.6,2.8,6.4,1.1,2.7,0.9,1.0,0.3,2.1,1.7,0.9,0.6,0.2,2759280.0
Luol Deng,LAL,33,1,13.1,0,1,2.0,1.0,2.0,0.0,0.0,0.0,0.0,0.0,0.0,1.0,1.0,1.0,0.0,17190000.0
Malachi Richardson,TOR,22,26,12.4,8,18,3.4,1.2,3.5,0.5,1.5,0.7,0.8,0.2,1.1,0.5,0.4,0.4,0.0,1504560.0
Malcolm Brogdon,MIL,25,48,29.9,25,23,13.0,5.1,10.5,1.3,3.4,1.6,1.8,0.5,2.8,3.2,1.4,0.9,0.3,1312611.0
Malcolm Delaney,ATL,29,54,18.8,16,38,6.3,2.0,5.3,0.9,2.3,1.4,1.7,0.2,1.7,3.0,1.2,0.6,0.1,2500000.0
Malik Beasley,DEN,21,62,9.4,34,28,3.2,1.2,2.9,0.5,1.3,0.4,0.5,0.2,0.9,0.5,0.4,0.2,0.1,1700640.0
Manu Ginobili,SAS,40,65,20.0,39,26,8.9,3.1,7.1,1.0,3.0,1.7,2.0,0.3,1.9,2.5,1.6,0.7,0.2,2500000.0
Marc Gasol,MEM,33,73,33.0,21,52,17.2,5.9,14.2,1.5,4.4,3.8,4.6,1.1,7.0,4.2,2.7,0.7,1.4,22642350.0
Marcin Gortat,WAS,34,82,25.3,43,39,8.4,3.5,6.8,0.0,0.0,1.3,2.0,2.2,5.4,1.8,1.2,0.5,0.7,12782609.0
Marcus Georges-Hunt,MIN,24,42,5.3,24,18,1.4,0.5,1.1,0.1,0.4,0.3,0.5,0.2,0.2,0.2,0.1,0.1,0.0,1312611.0
Marcus Morris,BOS,28,54,26.7,34,20,13.6,4.9,11.3,1.6,4.3,2.3,2.9,0.8,4.6,1.3,1.2,0.6,0.2,5000000.0
Marcus Smart,BOS,24,54,29.9,38,16,10.2,3.5,9.5,1.4,4.6,1.8,2.5,0.8,2.7,4.8,2.4,1.3,0.4,4538020.0
Mario Chalmers,MEM,32,66,21.5,21,45,7.7,2.5,6.7,0.8,2.9,1.8,2.1,0.2,2.2,3.0,1.8,1.2,0.2,2106407.0
Mario Hezonja,ORL,23,75,22.1,21,54,9.6,3.6,8.2,1.2,3.6,1.1,1.4,0.5,3.2,1.4,1.1,1.1,0.4,4078320.0
Markelle Fultz,PHI,20,14,18.1,11,3,7.1,3.2,7.9,0.0,0.1,0.7,1.5,0.8,2.3,3.8,1.2,0.9,0.3,7026240.0
Markieff Morris,WAS,28,73,27.0,37,36,11.5,4.5,9.4,1.0,2.8,1.4,1.8,1.0,4.6,1.9,1.7,0.8,0.5,8000000.0
Marreese Speights,ORL,30,52,13.0,15,37,7.7,2.7,6.7,1.7,4.5,0.8,1.1,0.4,2.2,0.8,0.8,0.2,0.4,2116955.0
Mason Plumlee,DEN,28,74,19.5,40,34,7.1,3.0,5.0,0.0,0.0,1.1,2.4,1.8,3.6,1.9,1.4,0.7,1.1,14041096.0
Matthew Dellavedova,MIL,27,38,18.7,21,17,4.3,1.4,4.0,0.8,2.1,0.7,0.7,0.4,1.3,3.8,1.3,0.4,0.0,9607500.0
Maurice Harkless,POR,25,59,21.4,36,23,6.5,2.5,5.0,0.8,2.0,0.7,1.0,0.8,2.0,0.9,0.7,0.8,0.7,10162922.0
Maxi Kleber,DAL,26,72,16.8,20,52,5.4,2.1,4.3,0.6,1.8,0.6,0.8,1.0,2.3,0.7,0.4,0.4,0.7,815615.0
Meyers Leonard,POR,26,33,7.7,17,16,3.4,1.4,2.4,0.3,0.8,0.3,0.3,0.4,1.8,0.5,0.3,0.2,0.0,9904495.0
Michael Beasley,NYK,29,74,22.3,24,50,13.2,5.5,10.9,0.5,1.2,1.7,2.1,1.3,4.3,1.7,1.9,0.5,0.6,2116955.0
Mike Conley,MEM,30,12,31.1,7,5,17.1,5.3,14.0,2.0,6.4,4.4,5.5,0.0,2.3,4.1,1.5,1.0,0.3,28530608.0
Mike Muscala,ATL,26,53,20.0,14,39,7.6,2.7,5.9,1.2,3.2,1.1,1.2,1.1,3.3,1.0,0.8,0.6,0.5,5000000.0
Mike Scott,WAS,29,76,18.5,39,37,8.8,3.6,6.9,0.9,2.1,0.7,1.0,0.7,2.6,1.1,1.0,0.3,0.1,1709538.0
Miles Plumlee,ATL,29,55,16.7,19,36,4.3,1.9,3.3,0.0,0.0,0.5,1.1,1.4,2.7,0.8,1.1,0.3,0.5,12500000.0
Milos Teodosic,LAC,31,45,25.2,29,16,9.5,3.4,8.0,2.0,5.2,0.9,1.0,0.4,2.4,4.6,2.2,0.5,0.1,6000000.0
Mindaugas Kuzminskas,NYK,28,1,1.9,0,1,0.0,0.0,2.0,0.0,0.0,0.0,0.0,0.0,0.0,0.0,0.0,0.0,0.0,3025035.0
Mirza Teletovic,MIL,32,10,15.9,4,6,7.1,2.5,5.7,2.1,4.5,0.0,0.0,0.3,2.0,1.0,0.7,0.4,0.1,10500000.0
Montrezl Harrell,LAC,24,76,17.0,39,37,11.0,4.6,7.2,0.0,0.1,1.8,2.9,1.4,2.7,1.0,0.9,0.5,0.7,1471382.0
Myles Turner,IND,22,65,28.2,39,26,12.7,4.7,9.8,0.9,2.4,2.5,3.2,1.4,5.0,1.3,1.5,0.6,1.8,2569920.0
Nate Wolters,UTA,27,5,3.8,3,2,0.4,0.2,1.2,0.0,0.0,0.0,0.0,0.2,0.2,0.2,0.0,0.0,0.0,50000.0
Naz Mitrou-Long,UTA,24,1,0.5,0,1,3.0,1.0,1.0,1.0,1.0,0.0,0.0,0.0,0.0,0.0,0.0,0.0,0.0,92160.0
Nemanja Bjelica,MIN,30,67,20.5,38,29,6.8,2.6,5.5,1.1,2.7,0.5,0.7,0.8,3.3,1.3,0.8,0.7,0.2,3949999.0
Nerlens Noel,DAL,24,30,15.7,6,24,4.4,1.8,3.5,0.0,0.0,0.7,0.9,1.6,4.0,0.7,0.9,1.0,0.7,4187599.0
Nick Collison,OKC,37,15,5.0,9,6,2.1,0.9,1.3,0.0,0.0,0.3,0.9,0.5,0.9,0.3,0.5,0.0,0.0,2328652.0
Nick Young,GSW,33,80,17.4,56,24,7.3,2.5,6.1,1.5,4.1,0.7,0.8,0.3,1.3,0.5,0.5,0.5,0.1,5192000.0
Nicolas Brussino,ATL,25,4,2.5,0,4,0.0,0.0,0.5,0.0,0.5,0.0,0.0,0.0,0.8,0.0,0.0,0.0,0.0,1312611.0
Nikola Jokic,DEN,23,75,32.6,43,32,18.5,6.7,13.5,1.5,3.7,3.5,4.2,2.6,8.1,6.1,2.8,1.2,0.8,1471382.0
Nikola Mirotic,NOP,27,55,27.2,34,21,15.6,5.6,12.4,2.5,6.5,2.0,2.5,1.1,6.3,1.5,1.1,0.8,0.7,12500000.0
Nikola Vucevic,ORL,27,57,29.5,17,40,16.5,7.0,14.7,1.1,3.6,1.4,1.6,1.8,7.4,3.4,1.9,1.0,1.1,12250000.0
Noah Vonleh,CHI,22,54,16.2,24,30,4.9,1.9,4.3,0.4,1.2,0.7,1.1,1.3,4.5,0.6,0.6,0.4,0.3,3505233.0
Norman Powell,TOR,25,70,15.2,51,19,5.5,2.1,5.3,0.8,2.7,0.5,0.6,0.2,1.5,1.3,0.9,0.5,0.2,1471382.0
OG Anunoby,TOR,20,74,20.0,51,23,5.9,2.2,4.7,1.0,2.7,0.5,0.8,0.6,1.9,0.7,0.6,0.7,0.2,1645200.0
Omer Asik,CHI,31,18,10.1,7,11,1.2,0.5,1.2,0.0,0.0,0.2,0.7,0.5,2.1,0.2,0.5,0.1,0.2,10595505.0
Omri Casspi,GSW,30,53,14.0,40,13,5.7,2.3,3.9,0.2,0.4,0.9,1.3,0.6,3.2,1.0,0.7,0.3,0.4,2106470.0
Pascal Siakam,TOR,24,81,20.7,59,22,7.3,3.1,6.1,0.4,1.6,0.7,1.1,1.0,3.5,2.0,0.8,0.8,0.5,1312611.0
Pat Connaughton,POR,25,82,18.1,49,33,5.4,2.0,4.8,0.9,2.6,0.5,0.5,0.4,1.5,1.1,0.5,0.3,0.3,1471382.0
Patrick Beverley,LAC,29,11,30.3,5,6,12.2,4.4,10.8,2.2,5.5,1.3,1.5,1.5,2.6,2.9,2.3,1.7,0.5,5513514.0
Patrick McCaw,GSW,22,57,16.9,41,16,4.0,1.6,3.9,0.3,1.4,0.5,0.6,0.3,1.2,1.4,0.7,0.8,0.2,1312611.0
Patrick Patterson,OKC,29,82,15.5,48,34,3.9,1.3,3.2,0.8,2.1,0.5,0.6,0.4,2.0,0.7,0.4,0.6,0.3,5192000.0
Patty Mills,SAS,29,82,25.7,47,35,10.0,3.4,8.3,1.9,5.0,1.3,1.4,0.3,1.6,2.8,1.3,0.7,0.1,10714286.0
Pau Gasol,SAS,37,77,23.5,45,32,10.1,3.7,8.1,0.6,1.6,2.1,2.7,1.7,6.4,3.1,1.4,0.3,1.0,16000000.0
Paul George,OKC,28,79,36.6,47,32,21.9,7.3,17.0,3.1,7.7,4.3,5.2,0.9,4.7,3.3,2.7,2.0,0.5,19508958.0
Paul Millsap,DEN,33,38,30.1,22,16,14.6,5.3,11.4,1.0,3.0,2.9,4.2,1.7,4.7,2.8,1.9,1.0,1.2,31269231.0
Paul Zipser,CHI,24,54,15.3,17,37,4.0,1.5,4.3,0.7,2.0,0.4,0.5,0.2,2.2,0.9,0.8,0.4,0.3,1312611.0
Quincy Pondexter,CHI,30,23,8.5,6,17,2.0,0.6,2.1,0.1,1.0,0.6,0.7,0.3,0.8,0.4,0.5,0.3,0.1,3853931.0
Rajon Rondo,NOP,32,65,26.2,41,24,8.3,3.6,7.6,0.8,2.3,0.4,0.7,0.5,3.6,8.2,2.3,1.1,0.2,3300000.0
Ramon Sessions,WAS,32,28,14.0,10,18,4.9,1.5,4.2,0.3,0.9,1.6,2.0,0.2,1.1,2.8,1.1,0.5,0.1,263124.0
Rashad Vaughn,ORL,21,28,7.6,13,15,2.3,0.8,2.0,0.5,1.3,0.1,0.2,0.1,0.6,0.5,0.2,0.2,0.1,166258.0
Raul Neto,UTA,26,41,12.2,28,13,4.5,1.7,3.7,0.5,1.1,0.6,0.9,0.2,1.0,1.8,0.9,0.3,0.1,1471382.0
Raymond Felton,OKC,34,82,16.6,48,34,6.9,2.7,6.7,1.0,2.8,0.4,0.5,0.3,1.6,2.5,0.9,0.6,0.2,2328652.0
Reggie Bullock,DET,27,62,27.9,32,30,11.3,4.3,8.8,2.0,4.5,0.6,0.8,0.4,2.0,1.5,0.8,0.8,0.2,2500000.0
Reggie Jackson,DET,28,45,26.7,27,18,14.6,5.5,12.8,1.2,3.8,2.5,3.0,0.6,2.1,5.3,2.2,0.6,0.1,16000000.0
Richard Jefferson,DEN,38,20,8.2,10,10,1.5,0.6,1.4,0.1,0.4,0.2,0.4,0.1,0.8,0.8,0.3,0.1,0.1,2328652.0
Richaun Holmes,PHI,24,48,15.5,30,18,6.5,2.8,5.0,0.1,0.6,0.8,1.2,1.2,3.2,1.3,0.5,0.4,0.6,1471382.0
Ricky Rubio,UTA,27,77,29.3,44,33,13.1,4.5,10.7,1.2,3.5,2.9,3.3,0.6,4.0,5.3,2.7,1.6,0.1,14275000.0
Robert Covington,PHI,27,80,31.6,51,29,12.6,4.3,10.5,2.5,6.9,1.5,1.7,0.7,4.7,2.0,1.6,1.7,0.9,16698103.0
Robin Lopez,CHI,30,64,26.4,23,41,11.8,5.3,10.1,0.1,0.2,1.1,1.4,2.1,2.4,1.9,1.7,0.2,0.8,13788500.0
Rodney Hood,CLE,25,60,26.9,29,31,14.7,5.4,12.5,2.1,5.6,1.9,2.2,0.4,2.4,1.6,1.2,0.8,0.2,2386864.0
Rodney McGruder,MIA,26,18,16.6,11,7,5.1,2.0,4.1,0.8,1.9,0.2,0.4,0.6,1.2,0.9,0.2,0.4,0.2,1312611.0
Rodney Purvis,ORL,24,16,18.1,5,11,6.0,2.2,6.7,0.8,3.3,0.8,0.9,0.1,1.6,1.1,0.6,0.2,0.2,46080.0
Ron Baker,NYK,25,29,13.3,12,17,2.4,0.7,2.0,0.4,1.1,0.7,0.9,0.2,0.9,1.6,0.6,0.9,0.2,4328000.0
Royce O'Neale,UTA,25,69,16.7,43,26,5.0,1.7,4.1,0.6,1.7,0.9,1.1,0.4,3.1,1.4,0.8,0.5,0.2,815615.0
Rudy Gay,SAS,31,57,21.6,36,21,11.5,4.4,9.4,0.6,2.1,2.0,2.5,1.3,3.8,1.3,1.4,0.8,0.7,8406000.0
Rudy Gobert,UTA,26,56,32.4,37,19,13.5,4.9,7.9,0.0,0.0,3.6,5.3,2.9,7.8,1.4,1.9,0.8,2.3,21974719.0
Russell Westbrook,OKC,29,80,36.4,47,33,25.4,9.5,21.1,1.2,4.1,5.2,7.1,1.9,8.2,10.3,4.8,1.8,0.3,28530608.0
Ryan Anderson,HOU,30,66,26.1,52,14,9.3,3.1,7.3,2.0,5.1,1.1,1.4,1.4,3.6,0.9,0.6,0.4,0.3,19578455.0
Salah Mejri,DAL,32,61,11.9,21,40,3.5,1.4,2.2,0.0,0.0,0.6,1.1,1.4,2.6,0.6,0.6,0.4,1.1,1471382.0
Sam Dekker,LAC,24,73,12.1,36,37,4.2,1.8,3.5,0.1,0.8,0.5,0.8,0.6,1.8,0.5,0.5,0.3,0.1,1794600.0
Scotty Hopson,DAL,28,1,8.4,0,1,1.0,0.0,1.0,0.0,0.0,1.0,2.0,0.0,0.0,1.0,1.0,0.0,0.0,74159.0
Semi Ojeleye,BOS,23,73,15.8,50,23,2.7,0.9,2.6,0.5,1.7,0.3,0.6,0.5,1.7,0.3,0.3,0.3,0.1,1291892.0
Serge Ibaka,TOR,28,76,27.5,53,23,12.6,5.0,10.3,1.4,3.9,1.2,1.6,1.0,5.3,0.8,1.2,0.4,1.3,20061729.0
Shabazz Napier,POR,26,74,20.7,46,28,8.7,3.0,7.2,1.1,2.9,1.6,1.9,0.4,1.9,2.0,1.2,1.1,0.2,2361360.0
Shane Larkin,BOS,25,54,14.3,39,15,4.3,1.6,4.1,0.6,1.6,0.6,0.7,0.3,1.4,1.8,0.6,0.5,0.0,1524305.0
Shaun Livingston,GSW,32,71,15.9,49,22,5.5,2.4,4.8,0.0,0.1,0.7,0.9,0.5,1.4,2.0,0.8,0.5,0.3,7692308.0
Shelvin Mack,ORL,28,69,19.8,21,48,6.9,2.6,6.0,0.7,2.0,1.0,1.4,0.3,2.1,3.9,1.3,0.8,0.1,6000000.0
Sindarius Thornwell,LAC,23,73,15.8,36,37,3.9,1.4,3.2,0.3,0.8,0.8,1.2,0.5,1.5,0.9,0.7,0.7,0.3,815615.0
Skal Labissiere,SAC,22,60,20.7,19,41,8.7,3.4,7.6,0.3,0.9,1.6,2.0,1.6,3.2,1.2,1.2,0.4,0.8,1312611.0
Solomon Hill,NOP,27,12,15.6,8,4,2.4,0.9,3.4,0.3,1.8,0.3,0.5,0.8,2.3,1.8,0.8,0.6,0.1,12236535.0
Stanley Johnson,DET,22,69,27.4,33,36,8.7,3.0,8.1,1.0,3.4,1.6,2.1,0.5,3.2,1.6,1.1,1.4,0.2,3097800.0
Stephen Curry,GSW,30,51,32.0,41,10,26.4,8.4,16.9,4.2,9.8,5.5,5.9,0.7,4.4,6.1,3.0,1.6,0.2,34682550.0
Sterling Brown,MIL,23,54,14.4,26,28,4.0,1.5,3.8,0.6,1.7,0.4,0.4,0.5,2.1,0.5,0.5,0.6,0.2,815615.0
Steven Adams,OKC,24,76,32.7,43,33,13.9,5.9,9.4,0.0,0.0,2.1,3.8,5.1,4.0,1.2,1.7,1.2,1.0,22471910.0
T.J. McConnell,PHI,26,76,22.5,50,26,6.3,2.8,5.5,0.4,0.8,0.4,0.5,0.5,2.5,4.0,1.5,1.2,0.2,1471382.0
Taj Gibson,MIN,33,82,33.2,47,35,12.2,5.2,9.0,0.1,0.4,1.7,2.3,2.4,4.8,1.2,1.1,0.8,0.7,14000000.0
Tarik Black,HOU,26,51,10.5,40,11,3.5,1.5,2.5,0.0,0.2,0.6,1.2,1.2,2.0,0.3,0.7,0.4,0.6,3290000.0
Terrance Ferguson,OKC,20,61,12.5,37,24,3.1,1.1,2.8,0.7,2.0,0.1,0.2,0.3,0.5,0.3,0.2,0.4,0.2,1785000.0
Terrence Ross,ORL,27,24,25.0,10,14,8.7,3.2,8.0,1.3,3.9,1.1,1.5,0.4,2.6,1.6,1.2,1.1,0.5,10500000.0
Terry Rozier,BOS,24,80,25.9,54,26,11.3,4.0,10.0,1.9,5.0,1.4,1.9,0.8,3.9,2.9,1.0,1.0,0.2,1988520.0
Thabo Sefolosha,UTA,34,38,21.2,16,22,8.2,3.1,6.3,0.8,2.2,1.2,1.4,0.8,3.5,0.9,0.8,1.4,0.3,5250000.0
Thaddeus Young,IND,30,81,32.2,48,33,11.8,5.2,10.7,0.7,2.2,0.7,1.1,2.3,4.0,1.9,1.3,1.7,0.4,14796348.0
Thomas Bryant,LAL,20,15,4.8,7,8,1.5,0.5,1.4,0.1,0.7,0.3,0.6,0.2,0.9,0.4,0.1,0.1,0.1,815615.0
Thon Maker,MIL,21,74,16.7,40,34,4.8,1.8,4.3,0.4,1.4,0.9,1.3,1.0,2.0,0.6,0.6,0.5,0.7,2684160.0
Tim Frazier,WAS,27,59,14.2,31,28,3.0,1.2,2.9,0.3,0.9,0.4,0.5,0.3,1.6,3.3,1.0,0.8,0.1,2000000.0
Timothe Luwawu-Cabarrot,PHI,23,52,15.5,29,23,5.8,1.9,5.1,1.0,3.0,0.9,1.1,0.3,1.1,1.0,0.7,0.2,0.1,1386600.0
Tobias Harris,LAC,25,80,33.3,39,41,18.6,7.0,15.3,2.3,5.6,2.2,2.7,0.7,4.7,2.4,1.3,0.9,0.4,16000000.0
Tomas Satoransky,WAS,26,73,22.5,39,34,7.2,2.8,5.3,0.6,1.4,1.0,1.3,1.0,2.2,3.9,1.1,0.7,0.2,3000000.0
Tony Bradley,UTA,20,9,3.2,6,3,0.9,0.3,1.2,0.0,0.1,0.2,0.2,0.4,0.8,0.1,0.0,0.0,0.0,1414920.0
Tony Parker,SAS,36,55,19.5,32,23,7.7,3.2,7.1,0.2,0.7,1.0,1.4,0.1,1.6,3.5,1.2,0.5,0.0,15453126.0
Tony Snell,MIL,26,75,27.4,42,33,6.9,2.5,5.7,1.4,3.6,0.5,0.6,0.1,1.8,1.3,0.5,0.6,0.4,9821429.0
Travis Wear,LAL,27,17,13.4,7,10,4.4,1.5,4.2,1.0,2.8,0.5,0.5,0.0,2.2,0.4,0.4,0.2,0.3,148318.0
Trevor Ariza,HOU,33,67,33.9,51,16,11.7,4.0,9.7,2.5,6.9,1.1,1.3,0.5,3.9,1.6,0.8,1.5,0.2,7420912.0
Trey Burke,NYK,25,36,21.8,10,26,12.8,5.4,10.7,1.1,2.9,1.0,1.6,0.4,1.6,4.7,1.2,0.7,0.1,784160.0
Trey Lyles,DEN,22,73,19.1,41,32,9.9,3.7,7.5,1.1,3.0,1.4,2.0,0.8,4.0,1.2,0.8,0.4,0.5,2441400.0
Trey McKinney-Jones,IND,27,1,1.2,1,0,0.0,0.0,0.0,0.0,0.0,0.0,0.0,0.0,0.0,0.0,0.0,0.0,0.0,46080.0
Tristan Thompson,CLE,27,53,20.2,27,26,5.8,2.5,4.4,0.0,0.0,0.8,1.5,2.4,4.3,0.6,0.7,0.3,0.3,16400000.0
Troy Williams,NYK,23,21,14.6,7,14,6.3,2.4,5.2,0.5,1.8,1.0,1.4,1.0,2.0,0.8,0.9,1.0,0.2,148318.0
Tyler Cavanaugh,ATL,24,39,13.3,11,28,4.7,1.7,3.9,0.8,2.3,0.4,0.5,1.2,2.1,0.7,0.3,0.2,0.1,50000.0
Tyler Dorsey,ATL,22,56,17.4,15,41,7.2,2.6,6.8,1.3,3.6,0.8,1.1,0.3,2.0,1.4,0.7,0.3,0.1,815615.0
Tyler Ennis,LAL,23,54,12.7,22,32,4.1,1.7,4.1,0.3,1.0,0.4,0.5,0.4,1.4,1.9,0.7,0.6,0.2,1524305.0
Tyler Johnson,MIA,26,72,28.5,39,33,11.7,4.3,9.9,1.7,4.5,1.5,1.8,0.5,3.0,2.3,1.1,0.8,0.5,5881260.0
Tyler Lydon,DEN,22,1,2.2,1,0,0.0,0.0,0.0,0.0,0.0,0.0,0.0,0.0,0.0,0.0,0.0,0.0,0.0,1579440.0
Tyler Zeller,MIL,28,66,16.8,27,39,6.7,2.8,5.1,0.2,0.4,0.9,1.2,1.7,3.0,0.7,0.7,0.2,0.5,1709538.0
Tyreke Evans,MEM,28,52,30.9,19,33,19.4,7.0,15.6,2.2,5.5,3.2,4.0,0.8,4.3,5.2,2.3,1.1,0.3,3290000.0
Tyus Jones,MIN,22,82,17.9,47,35,5.1,1.8,4.0,0.5,1.6,0.9,1.0,0.2,1.4,2.8,0.7,1.2,0.1,1471382.0
Udonis Haslem,MIA,38,14,5.1,9,5,0.6,0.2,1.1,0.1,0.6,0.1,0.1,0.2,0.5,0.4,0.1,0.0,0.1,2328652.0
Vander Blue,LAL,25,5,9.0,1,4,0.6,0.2,1.0,0.0,0.4,0.2,0.4,0.0,0.2,0.6,0.6,0.2,0.0,50000.0
Victor Oladipo,IND,26,75,34.0,48,27,23.1,8.5,17.9,2.1,5.8,3.9,4.9,0.6,4.6,4.3,2.9,2.4,0.8,21000000.0
Vince Carter,SAC,41,58,17.7,20,38,5.4,2.0,4.9,1.0,2.8,0.5,0.6,0.3,2.2,1.2,0.6,0.7,0.4,8000000.0
Wayne Ellington,MIA,30,77,26.5,42,35,11.2,3.7,9.1,2.9,7.5,0.9,1.0,0.3,2.5,1.0,0.7,0.7,0.1,6270000.0
Wayne Selden,MEM,23,35,19.8,10,25,9.3,3.3,7.7,1.4,3.5,1.3,1.7,0.5,1.1,1.9,1.5,0.5,0.1,1312611.0
Wesley Johnson,LAC,30,74,20.1,38,36,5.4,2.0,5.0,0.8,2.4,0.6,0.8,0.4,2.5,0.8,0.7,1.0,0.8,5881260.0
Wesley Matthews,DAL,31,63,33.8,20,43,12.7,4.5,11.1,2.4,6.4,1.3,1.6,0.4,2.7,2.7,1.3,1.2,0.3,17884176.0
Will Barton,DEN,27,81,33.1,46,35,15.7,5.7,12.7,1.9,5.2,2.2,2.8,0.9,4.2,4.1,1.8,1.0,0.6,3533333.0
Willie Cauley-Stein,SAC,24,73,28.0,23,50,12.8,5.3,10.6,0.0,0.2,2.1,3.4,1.8,5.2,2.4,1.5,1.1,0.9,3704160.0
Wilson Chandler,DEN,31,74,31.7,41,33,10.0,3.8,8.5,1.2,3.3,1.2,1.5,1.4,4.0,2.1,1.2,0.6,0.5,12016854.0
Xavier Rathan-Mayes,MEM,24,5,23.6,0,5,5.8,2.4,8.4,0.2,2.8,0.8,1.8,0.0,1.0,3.6,2.2,1.2,0.6,46080.0
Yogi Ferrell,DAL,25,82,27.8,24,58,10.2,3.8,8.9,1.6,4.4,1.0,1.3,0.3,2.7,2.5,1.0,0.8,0.1,1312611.0
Zach Collins,POR,20,66,15.8,41,25,4.4,1.7,4.4,0.5,1.7,0.4,0.6,0.7,2.7,0.8,0.9,0.3,0.5,3057240.0
Zach LaVine,CHI,23,24,27.3,9,15,16.7,5.7,14.8,1.8,5.1,3.6,4.5,0.4,3.5,3.0,1.8,1.0,0.2,3202217.0
Zach Randolph,SAC,36,59,25.6,18,41,14.5,6.1,12.9,0.9,2.5,1.4,1.8,1.6,5.1,2.2,2.0,0.7,0.2,12307692.0
Zaza Pachulia,GSW,34,69,14.1,47,22,5.4,2.2,3.8,0.0,0.0,1.1,1.3,1.3,3.4,1.6,1.0,0.6,0.2,3477600.0
Zhou Qi,HOU,22,18,6.9,14,4,1.2,0.3,1.8,0.1,1.1,0.4,0.7,0.3,0.9,0.1,0.6,0.1,0.8,815615.0
